Thu Jan 01 2026 00:00:00 GMT+0700 (IndochinaT ime) -> (0)
Fri Jan 02 2026 00:00:00 GMT+0700 (Indochina Time) -> (0)
Sat Jan 03 2026 00:00:00 GMT+0700 (Indochina Time) -> (0)
Sun Jan 04 2026 00:00:00 GMT+0700 (Indochina Time) -> (0)
Mon Jan 05 2026 00:00:00 GMT+0700 (Indochina Time) -> (0)
Tue Jan 06 2026 00:00:00 GMT+0700 (Indochina Time) -> (0)
Wed Jan 07 2026 00:00:00 GMT+0700 (Indochina Time) -> (0)
Thu Jan 08 2026 00:00:00 GMT+0700 (Indochina Time) -> (0)
Fri Jan 09 2026 00:00:00 GMT+0700 (Indochina Time) -> (0)
Sat Jan 10 2026 00:00:00 GMT+0700 (Indochina Time) -> (0)
Sun Jan 11 2026 00:00:00 GMT+0700 (Indochina Time) -> (0)
